{
    "Comment": "Comprehend Inference Workflow. On successful completion of the workflow, the inference results will be available in S3.",
    "StartAt": "Start Comprehend Inference Job",
    "States": {
      "Start Comprehend Inference Job": {
        "Type": "Task",
        "Resource": "arn:aws:states:::lambda:invoke",
        "OutputPath": "$.Payload",
        "Parameters": {
          "Payload.$": "$",
          "FunctionName": "arn:aws:lambda:us-east-1:097079433570:function:CompStartInferenceLambda:$LATEST"
        },
        "Retry": [
          {
            "ErrorEquals": [
              "Lambda.ServiceException",
              "Lambda.AWSLambdaException",
              "Lambda.SdkClientException"
            ],
            "IntervalSeconds": 2,
            "MaxAttempts": 6,
            "BackoffRate": 2
          }
        ],
        "Next": "Wait for 5 minutes"
      },
      "Wait for 5 minutes": {
        "Type": "Wait",
        "Seconds": 300,
        "Next": "Get Status of Comprehend Inference Job"
      },
      "Get Status of Comprehend Inference Job": {
        "Type": "Task",
        "Resource": "arn:aws:states:::lambda:invoke",
        "OutputPath": "$.Payload",
        "Parameters": {
          "Payload.$": "$",
          "FunctionName": "arn:aws:lambda:us-east-1:097079433570:function:CompGetInferStatusLambda:$LATEST"
        },
        "Retry": [
          {
            "ErrorEquals": [
              "Lambda.ServiceException",
              "Lambda.AWSLambdaException",
              "Lambda.SdkClientException"
            ],
            "IntervalSeconds": 2,
            "MaxAttempts": 6,
            "BackoffRate": 2
          }
        ],
        "Next": "Is Inference Complete?"
      },
      "Is Inference Complete?": {
        "Type": "Choice",
        "Choices": [
          {
            "Or": [
              {
                "Variable": "$.Status",
                "StringEquals": "IN_PROGRESS"
              },
              {
                "Variable": "$.Status",
                "StringEquals": "SUBMITTED"
              }
            ],
            "Next": "Wait for 5 minutes"
          },
          {
            "Variable": "$.Status",
            "StringEquals": "FAILED",
            "Next": "Fail"
          },
          {
            "Variable": "$.Status",
            "StringEquals": "COMPLETED",
            "Next": "Success"
          }
        ],
        "Default": "Wait for 5 minutes"
      },
      "Fail": {
        "Type": "Fail",
        "Error": "COMPREHEND ANALYSIS JOB FAILED"
      },
      "Success": {
        "Type": "Succeed"
      }
    }
  }