{
  "Comment": "Comprehend Custom Classifier Training Workflow. On successful completion of the workflow, train model ARN will be available for consumption",
  "StartAt": "StartCompehendTraining",
  "States": {
    "StartCompehendTraining": {
      "Type": "Task",
      "Resource": "arn:aws:lambda:us-east-1:097079433570:function:CompTrainModel",
      "Next": "Wait 30 Seconds",
      "Retry": [
        {
          "ErrorEquals": [
            "States.ALL"
          ],
          "IntervalSeconds": 15,
          "MaxAttempts": 6,
          "BackoffRate": 5
        }
      ]
    },
    "Wait 30 Seconds": {
      "Type": "Wait",
      "Seconds": 5,
      "Next": "GetTrainingJobStatus"
    },
    "GetTrainingJobStatus": {
      "Type": "Task",
      "Resource": "arn:aws:lambda:us-east-1:097079433570:function:CompTrainingStatus",
      "Next": "IsTrainingComplete",
      "Retry": [
        {
          "ErrorEquals": [
            "States.ALL"
          ],
          "IntervalSeconds": 15,
          "MaxAttempts": 6,
          "BackoffRate": 5
        }
      ]
    },
    "IsTrainingComplete": {
      "Type": "Choice",
      "Choices": [
        {
          "Not": {
            "Variable": "$.JobStatus",
            "StringEquals": "TRAINED"
          },
          "Next": "Wait 30 Seconds"
        },
        {
          "Variable": "$.JobStatus",
          "StringEquals": "TRAINED",
          "Next": "Success"
        }
      ],
      "Default": "Failure"
    },
    "Failure": {
      "Type": "Fail"
    },
    "Success": {
      "Type": "Pass",
      "End": true
    }
  }
}