{
    "LambdaFunctionConfigurations": [
        {
            "Id": "s3eventtriggersLexiconlambda",
            "LambdaFunctionArn": "arn of TransformLexicon lambda function",
            "Events": ["s3:ObjectCreated:*"],
            "Filter": {
                "Key": {
                    "FilterRules": [
                        {
                            "Name": "suffix",
                            "Value": ".gz"
                        },
                        {
                            "Name": "prefix",
                            "Value": "insert s3 prefix here"
                        }
                    ]
                }
            }
        },
        {
            "Id": "s3eventtriggersInferencelambda",
            "LambdaFunctionArn": "arn of StartInferenceWorkflow lambda function",
            "Events": ["s3:ObjectCreated:*"],
            "Filter": {
                "Key": {
                    "FilterRules": [
                        {
                            "Name": "suffix",
                            "Value": ".csv"
                        },
                        {
                            "Name": "prefix",
                            "Value": "insert s3 prefix here"
                        }
                    ]
                }
            }
        },
        {
            "Id": "s3eventtriggersSearchablePDFlambda",
            "LambdaFunctionArn": "arn of SearchablePDFLambda lambda function",
            "Events": ["s3:ObjectCreated:*"],
            "Filter": {
                "Key": {
                    "FilterRules": [
                        {
                            "Name": "suffix",
                            "Value": ".pdf"
                        },
                        {
                            "Name": "prefix",
                            "Value": "insert s3 prefix here"
                        }
                    ]
                }
            }
        }
    ]
}