{
    "LambdaFunctionConfigurations": [
        {
            "Id": "s3eventtriggersTraininglambda",
            "LambdaFunctionArn": "arn of StartTrainingWorkflow lambda function",
            "Events": ["s3:ObjectCreated:*"],
            "Filter": {
                "Key": {
                    "FilterRules": [
                        {
                            "Name": "suffix",
                            "Value": ".csv"
                        },
                        {
                            "Name": "prefix",
                            "Value": "insert s3 prefix here"
                        }
                    ]
                }
            }
        }
    ]
}